{
  "variables": {
    "aws_access_key": "",
    "aws_secret_key": ""
  },

  "provisioners": [
    {
        "type": "shell",
        "execute_command": "echo 'ubuntu' | {{ .Vars }} sudo -E -S sh '{{ .Path }}'",
        "inline": [
            "sleep 30",
            "apt-add-repository ppa:ansible/ansible -y",
            "/usr/bin/apt-get update",
            "/usr/bin/apt-get -y install ansible unzip",
            "mkdir /home/ubuntu/node-app",
            "chown ubuntu:ubuntu /home/ubuntu/node-app",
	    "apt-get install openssh-server -y"
        ]
    },
    {
      "type": "shell-local",
      "command": "zip -r files.zip *"
    },
    {
      "type": "file",
      "source": "./files.zip",
      "destination": "/home/ubuntu/node-app/"
    },
    {
      "type": "shell",
      "inline": [
        "cd /home/ubuntu/node-app/ && unzip files.zip",
        "rm files.zip"
      ]
    },
    {
      "type": "ansible-local",
      "playbook_file": "packer/ansible-playbook.yml"
    }
  ],

  "builders": [{
    "type": "amazon-ebs",
    "access_key": "{{user `aws_access_key`}}",
    "secret_key": "{{user `aws_secret_key`}}",
    "region": "us-west-2",
    "source_ami": "ami-08692d171e3cf02d6",
    "instance_type": "t2.micro",
    "ssh_username": "ubuntu",
    "ami_name": "people10-packer-ami {{timestamp}}",
    "launch_block_device_mappings": [{
      "device_name": "/dev/sda1",
      "volume_size": 8,
      "volume_type": "gp2",
      "delete_on_termination": true
    }]
  }]
}
